delito,municipio,anio,mes_nombre,dia,colonia,calle,forma_accion
AMENAZAS,CELAYA,2025,ENERO,20,VALLE HERMOSO CELAYA GUANAJUATO,AZALEA,
CONTRA LA SALUD,CELAYA,2025,ENERO,22,RINCON DE TAMAYO RINCÓN DE TAMAYO GUANAJUATO,DEL SOL,
LESIONES DOLOSAS,CELAYA,2025,ENERO,22,LAS FLORES CELAYA GUANAJUATO,HELIOTROPO,
ROBOS DIVERSOS,CELAYA,2025,ENERO,22,COLONIA CENTRO CELAYA GUANAJUATO,CALLE ALVARO OBREGON,CON VIOLENCIA
VIOLENCIA FAMILIAR,CELAYA,2025,ENERO,22,ALAMOS CELAYA GUANAJUATO,FLOR DE DURAZNO,
OTROS DELITOS,CELAYA,2025,ENERO,21,VALLE HERMOSO CELAYA GUANAJUATO,CRISANTEMO,
ABUSO DE CONFIANZA,CELAYA,2025,ENERO,20,CENTRO CELAYA GUANAJUATO,MIGUEL HIDALGO,
CONTRA LA SALUD,CELAYA,2025,ENERO,23,SAN JOSÉ DE GUANAJUATO CELAYA GUANAJUATO,PINO SUÁREZ,
FRAUDE,CELAYA,2025,ENERO,20,LOS OLIVOS CELAYA GUANAJUATO,CALLE SIERRA DEL ESPADAN,
DAÑOS,CELAYA,2025,ENERO,24,PUERTAS DE SANTA MARÍA CELAYA GUANAJUATO,SIN REFERENCIA NÚMERO 396,
OTROS DELITOS,CELAYA,2025,ENERO,24,FRACCIONAMIENTO DEL BOSQUE CELAYA GUANAJUATO,CALLE PARAÍSO,
VIOLACION,CELAYA,2025,ENERO,24,LA CANTERA CELAYA GUANAJUATO,VILLA MARINO,
DAÑOS,CELAYA,2025,ENERO,21,LAS FLORES CELAYA GUANAJUATO,HELIOTROPO,
VIOLENCIA FAMILIAR,CELAYA,2025,ENERO,24,BRISAS DEL VALLE MOCTEZUMA CELAYA GUANAJUATO,CIRCUITO LAGOS,
OTROS DELITOS,CELAYA,2025,ENERO,19,SAN ISIDRO GUANAJUATO,AVENIDA DEL TRABAJO,
DAÑOS,CELAYA,2025,ENERO,19,LAS ARBOLEDAS CELAYA GUANAJUATO,PASEO DE SAN NICOLÁS DE PARRA,
ROBOS DIVERSOS,CELAYA,2025,ENERO,20,PLANCARTE GUANAJUATO,CAMINO A PLANCARTE,SIN VIOLENCIA
VIOLENCIA FAMILIAR,CELAYA,2025,ENERO,22,JACARANDAS CELAYA GUANAJUATO,ESCUADRÓN 201,
OTROS DELITOS,CELAYA,2025,ENERO,20,EL VERGEL CELAYA GUANAJUATO,DIVISIÓN DEL NORTE,
LESIONES DOLOSAS,CELAYA,2025,ENERO,21,COLONIA MAGNO CELAYA GUANAJUATO,LUIS DONALDO COLOSIO,
CONTRA LA SALUD,CELAYA,2025,ENERO,22,EL VERGEL CELAYA GUANAJUATO,DIVISIÓN DEL NORTE,
DAÑOS,CELAYA,2025,ENERO,22,LA JOYA CELAYA GUANAJUATO,CALLE FERROCARRIL CENTRAL,
AMENAZAS,CELAYA,2025,ENERO,22,LAZARO CARDENAS CELAYA GUANAJUATO,PLAN DEL CARMEN,
DAÑOS,CELAYA,2025,ENERO,6,RANCHO SECO CELAYA GUANAJUATO,DOLORES HIDALGO,
OTROS DELITOS,CELAYA,2025,ENERO,7,TECNOLOGICO CELAYA GUANAJUATO,ADMINISTRADORES,
DAÑOS,CELAYA,2025,ENERO,7,LAS DELICIAS CELAYA GUANAJUATO,LIBRAMIENTO NORORIENTE,
VIOLENCIA FAMILIAR,CELAYA,2025,ENERO,1,SANTA RITA CELAYA GUANAJUATO,CELAYA,
LESIONES DOLOSAS,CELAYA,2025,ENERO,2,SAN JUAN DE LA VEGA SAN JUAN DE LA VEGA GUANAJUATO,CALLE 5 DE MAYO ORIENTE,
ROBOS DIVERSOS,CELAYA,2025,ENERO,2,BARRIO DEL ZAPOTE CELAYA GUANAJUATO,TENOCHTITLAN,SIN VIOLENCIA
VIOLENCIA FAMILIAR,CELAYA,2025,ENERO,3,VALLE HERMOSO CELAYA GUANAJUATO,CAMELIA,
OTROS DELITOS,CELAYA,2025,ENERO,22,LINDAVISTA CELAYA GUANAJUATO,JAZMÍN,
CONTRA LA SALUD,CELAYA,2025,ENERO,23,LOS OLIVOS CELAYA GUANAJUATO,AVENIDA BALEARES,
VIOLENCIA FAMILIAR,CELAYA,2025,ENERO,24,VILLA LOS ÁLAMOS LA PALMITA GUANAJUATO,TABACHINES,
VIOLENCIA FAMILIAR,CELAYA,2025,ENERO,21,EJIDAL CELAYA GUANAJUATO,EJIDO LOS AGUIRRE,
ROBOS DIVERSOS,CELAYA,2025,ENERO,22,EJIDAL CELAYA GUANAJUATO,EJIDO CERRO PRIETO,SIN VIOLENCIA
ROBO DE VEHÍCULO,CELAYA,2025,ENERO,22,CIUDAD INDUSTRIAL DE CELAYA CELAYA GUANAJUATO,CALLE PONIENTE 4,SIN VIOLENCIA
LESIONES DOLOSAS,CELAYA,2025,ENERO,23,CELAYA GUANAJUATO,GRULLA,
FRAUDE,CELAYA,2025,ENERO,24,NO CATALOGADO,NO CATALOGADO,
OTROS DELITOS,CELAYA,2025,ENERO,19,SAN RAFAEL CELAYA GUANAJUATO,LAS PALMAS,
AMENAZAS,CELAYA,2025,ENERO,19,JACARANDAS CELAYA GUANAJUATO,CERRO DE LAS CAMPAÑAS,
ROBO DE VEHÍCULO,CELAYA,2025,ENERO,20,COLONIA DEL PARQUE CELAYA GUANAJUATO,PARQUE DEL TULIPÁN,CON VIOLENCIA
ROBO A TRANSEUNTE,CELAYA,2025,ENERO,20,LOS FRAILES CELAYA GUANAJUATO,VASCO DE QUIROGA,CON VIOLENCIA
VIOLACION,CELAYA,2025,ENERO,20,CELAYA GUANAJUATO,CALLE REFORMA AGRARIA,
CONTRA LA SALUD,CELAYA,2025,ENERO,21,LAS CASAS CELAYA GUANAJUATO,CASA DEL DIEZMO,
LESIONES DOLOSAS,CELAYA,2025,ENERO,20,LA AURORA CELAYA GUANAJUATO,JOSÉ MARÍA PINO SUÁREZ,
ROBO A NEGOCIO,CELAYA,2025,ENERO,21,CELAYA GUANAJUATO,REAL DE LOS MEZQUITES,CON VIOLENCIA
VIOLENCIA FAMILIAR,CELAYA,2025,ENERO,22,GALAXIAS DEL PARQUE CELAYA GUANAJUATO,CALLE EI ARENAL,
CONTRA LA SALUD,CELAYA,2025,ENERO,21,SAN MARTIN DE CAMARGO CELAYA GUANAJUATO,EMILIANO ZAPATA,
"DE LOS DELITOS DE FALSIFICACION, CONTRA LA FE PUBLICA E INFORMATICOS",CELAYA,2025,ENERO,22,VALLE DE LOS NARANJOS CELAYA GUANAJUATO,DE LAS MONTAÑAS,
OTROS DELITOS,CELAYA,2025,ENERO,2,VILLAS DEL ROMERAL CELAYA GUANAJUATO,VILLA UNIÓN,
ROBOS DIVERSOS,CELAYA,2025,ENERO,3,SAN JUAN CELAYA GUANAJUATO,LUCAS FLORES,SIN VIOLENCIA
OTROS DELITOS,CELAYA,2025,ENERO,3,LOS OLIVOS CELAYA GUANAJUATO,VALLE DEL HUASCO,
ROBOS DIVERSOS,CELAYA,2025,ENERO,4,CELAYA GUANAJUATO,CDA VILLA DEL ALBA,CON VIOLENCIA
CONTRA LA SALUD,CELAYA,2025,ENERO,4,GALAXIAS DEL PARQUE CELAYA GUANAJUATO,ANDADOR CEFEO,
OTROS DELITOS,CELAYA,2025,ENERO,5,VILLA LOS ÁLAMOS CELAYA GUANAJUATO,CALLE BINNIZA,
OTROS DELITOS,CELAYA,2025,ENERO,22,LINDAVISTA CELAYA GUANAJUATO,DALIA,
"DE LOS DELITOS DE FALSIFICACION, CONTRA LA FE PUBLICA E INFORMATICOS",CELAYA,2025,ENERO,22,LINDAVISTA CELAYA GUANAJUATO,JAZMÍN,
VIOLENCIA FAMILIAR,CELAYA,2025,ENERO,23,LOS NARANJOS CELAYA GUANAJUATO,MANZANOS,
ROBOS DIVERSOS,CELAYA,2025,ENERO,23,JARDINES DE CELAYA 1RA SECCIÓN CELAYA GUANAJUATO,PUERTA DE ORO DEL BAJIO,CON VIOLENCIA
OTROS DELITOS,CELAYA,2025,ENERO,19,LAS FLORES CELAYA GUANAJUATO,HELIOTROPO,
AMENAZAS,CELAYA,2025,ENERO,19,RANCHO SECO CELAYA GUANAJUATO,AVENIDA LÁZARO CÁRDENAS DEL RÍO,
"DE LOS DELITOS DE FALSIFICACION, CONTRA LA FE PUBLICA E INFORMATICOS",CELAYA,2025,ENERO,20,VALLE DE LOS NARANJOS CELAYA GUANAJUATO,DE LAS MONTAÑAS,
OTROS DELITOS,CELAYA,2025,ENERO,22,TIERRA Y LIBERTAD CELAYA GUANAJUATO,ZACATEPEC,
CONTRA LA SALUD,CELAYA,2025,ENERO,22,FRACCIONAMIENTO DE DON GU CELAYA GUANAJUATO,CALLE CARRUAJE,
OTROS DELITOS,CELAYA,2025,ENERO,23,GASCA GUANAJUATO,FRANCISCO VILLA,
DAÑOS,CELAYA,2025,ENERO,23,¿¿¿¿¿ ¿¿ CELAYA GUANAJUATO,LATERAL CELAYA - VILLAGRAN,
OTROS DELITOS,CELAYA,2025,ENERO,23,LA HERRADURA CELAYA GUANAJUATO,COLONIA,
ROBOS DIVERSOS,CELAYA,2025,ENERO,23,NO CATALOGADO,NO CATALOGADO,SIN VIOLENCIA
ROBOS DIVERSOS,CELAYA,2025,ENERO,23,COLONIA DEL PARQUE CELAYA GUANAJUATO,AVENIDA JUAN JOSÉ TORRES LANDA,SIN VIOLENCIA
FRAUDE,CELAYA,2025,ENERO,24,LAS FLORES CELAYA GUANAJUATO,CLAVEL,
CONTRA LA SALUD,CELAYA,2025,ENERO,20,SANTA RITA CELAYA GUANAJUATO,CHETUMAL,
DAÑOS,CELAYA,2025,ENERO,20,BARRIO DEL ZAPOTE CELAYA GUANAJUATO,FRANCISCO I. MADERO,
VIOLENCIA FAMILIAR,CELAYA,2025,ENERO,20,LA TRINIDAD GUANAJUATO,SAN MIGUEL,
ROBO A CASA HABITACIÓN,CELAYA,2025,ENERO,20,VILLAS DEL BAJIO I CELAYA GUANAJUATO,VILLA DE OBREGÓN,SIN VIOLENCIA
"DE LOS DELITOS DE FALSIFICACION, CONTRA LA FE PUBLICA E INFORMATICOS",CELAYA,2025,ENERO,20,LINDAVISTA CELAYA GUANAJUATO,DALIA,
ROBOS DIVERSOS,CELAYA,2025,ENERO,21,INT. 1 Y 2 CIUDAD INDUSTRIAL DE CELAYA CELAYA GUANAJUATO,AVENIDA TECNOLÓGICO,CON VIOLENCIA
DAÑOS,CELAYA,2025,ENERO,6,ALAMOS CELAYA GUANAJUATO,CALLE RUISEÑOR,
LESIONES DOLOSAS,CELAYA,2025,ENERO,7,EX. HDA. STA. MARIA DEL REFUGIO CELAYA GUANAJUATO,BOULEVARD JUAN PABLO II,
LESIONES DOLOSAS,CELAYA,2025,ENERO,7,LAS ARBOLEDAS CELAYA GUANAJUATO,PASEO DE SAN NICOLÁS DE PARRA,
VIOLENCIA FAMILIAR,CELAYA,2025,ENERO,22,CELAYA GUANAJUATO,AVENIDA BALEARES,
DAÑOS,CELAYA,2025,ENERO,23,COLONIA DEL PARQUE CELAYA GUANAJUATO,AVENIDA JUAN JOSÉ TORRES LANDA,
ROBO A CASA HABITACIÓN,CELAYA,2025,ENERO,23,LOS LAURELES CELAYA GUANAJUATO,ENCINO,SIN VIOLENCIA
CONTRA LA SALUD,CELAYA,2025,ENERO,23,LA HERRADURA CELAYA GUANAJUATO,AJO PONIENTE,
ROBO A CASA HABITACIÓN,CELAYA,2025,ENERO,23,VILLAS DEL ROMERAL CELAYA GUANAJUATO,VILLA DE LA PAZ,SIN VIOLENCIA
OTROS DELITOS,CELAYA,2025,ENERO,15,SAN JUANICO CELAYA GUANAJUATO,CRISOLITA,
OTROS DELITOS,CELAYA,2025,ENERO,24,LAS FLORES CELAYA GUANAJUATO,HELIOTROPO,
ROBOS DIVERSOS,CELAYA,2025,ENERO,20,COLONIA CENTRO CELAYA GUANAJUATO,VICENTE RIVA PALACIOS,SIN VIOLENCIA
OTROS DELITOS,CELAYA,2025,ENERO,22,GOEVILLAS DE LOS SAUCES CELAYA GUANAJUATO,BANIANO,
OTROS DELITOS,CELAYA,2025,ENERO,23,VALLE DEL REAL CELAYA GUANAJUATO,REAL DEL POTOSÍ,
AMENAZAS,CELAYA,2025,ENERO,20,EJIDAL CELAYA GUANAJUATO,PASEO DE SAN NICOLÁS DE PARRA,
ROBOS DIVERSOS,CELAYA,2025,ENERO,20,VILLAS DEL ROCIO CELAYA GUANAJUATO,LEONA VICARIO,SIN VIOLENCIA
OTROS DELITOS,CELAYA,2025,ENERO,20,VALLE DE LOS NARANJOS CELAYA GUANAJUATO,DE LOS RÍOS,
OTROS DELITOS,CELAYA,2025,ENERO,22,YUSTIS GUANAJUATO,MIGUEL HIDALGO,
ROBO DE VEHÍCULO,CELAYA,2025,ENERO,24,CAMPESTRE DE CELAYA CELAYA GUANAJUATO,LIBRAMIENTO NORORIENTE,SIN VIOLENCIA
VIOLACION,CELAYA,2025,ENERO,24,LOS OLIVOS CELAYA GUANAJUATO,CIRCUITO VALLE CENTRAL,
LESIONES DOLOSAS,CELAYA,2025,ENERO,24,GUANAJUATO,PROLONGACIÓN ALDAMA,
LESIONES DOLOSAS,CELAYA,2025,ENERO,20,CELAYA GUANAJUATO,AVENIDA IRRIGACIÓN,
LESIONES DOLOSAS,CELAYA,2025,ENERO,22,CELAYA GUANAJUATO,BOULEVARD JUAN PABLO II,
ROBOS DIVERSOS,CELAYA,2025,ENERO,20,EL VERGEL CELAYA GUANAJUATO,REFORMA,SIN VIOLENCIA
VIOLENCIA FAMILIAR,CELAYA,2025,ENERO,20,CELAYA GUANAJUATO,BENITO JUAREZ,
VIOLENCIA FAMILIAR,CELAYA,2025,ENERO,6,LAGOS CELAYA GUANAJUATO,MONTE EVEREST,
HOMICIDIO DOLOSO,CELAYA,2025,ENERO,3,BARRIO DE LA CRUZ RINCÓN DE TAMAYO GUANAJUATO,LICENCIADO ADOLFO LÓPEZ MATEOS,
INCUMPLIMIENTO DE LAS OBLIGACIONES DE ASISTENCIA FAMILIAR,CELAYA,2025,ENERO,16,PRIMERA FRACCIÓN DE CRESPO GUANAJUATO,NARANJO,
OTROS DELITOS,CELAYA,2025,ENERO,19,3 GUERRAS CELAYA GUANAJUATO,CALLE GUADALUPE,
LESIONES DOLOSAS,CELAYA,2025,ENERO,20,EJIDAL CELAYA GUANAJUATO,PASEO DE SAN NICOLÁS DE PARRA,
OTROS DELITOS SEXUALES,CELAYA,2025,ENERO,21,LA MISION CELAYA GUANAJUATO,MISIÓN DE SAN IGNACIO,
OTROS DELITOS,CELAYA,2025,ENERO,21,SIN NOMBRE CELAYA GUANAJUATO,EJE NOR-PONIENTE MANUEL J. CLOUTHIER,
ROBOS DIVERSOS,CELAYA,2025,ENERO,21,LAS FLORES CELAYA GUANAJUATO,NOCHEBUENA,CON VIOLENCIA
ROBOS DIVERSOS,CELAYA,2025,ENERO,24,LAS INSURGENTES CELAYA GUANAJUATO,JOSEFA MATAMOROS,CON VIOLENCIA
CONTRA LA SALUD,CELAYA,2025,ENERO,20,VILLAS DE LA HACIENDA CELAYA GUANAJUATO,VILLA DE REYES,
HOMICIDIO DOLOSO,CELAYA,2025,ENERO,20,CELAYA GUANAJUATO,AVENIDA BADAJOZ,
ROBO A NEGOCIO,CELAYA,2025,ENERO,20,CELAYA GUANAJUATO,REVOLUCIÓN AGRARIA,SIN VIOLENCIA
ROBOS DIVERSOS,CELAYA,2025,ENERO,21,LAS FLORES CELAYA GUANAJUATO,HELIOTROPO,SIN VIOLENCIA
VIOLENCIA FAMILIAR,CELAYA,2025,ENERO,22,CELAYA GUANAJUATO,BOULEVARD VILLA DE LOS ARCOS,
"DE LOS DELITOS DE FALSIFICACION, CONTRA LA FE PUBLICA E INFORMATICOS",CELAYA,2025,ENERO,24,LOS PINOS CELAYA GUANAJUATO,TULE,
ROBO DE VEHÍCULO,CELAYA,2025,ENERO,19,CELAYA SANTA MARIA GUANAJUATO,NO CATALOGADO,SIN VIOLENCIA
OTROS DELITOS,CELAYA,2025,ENERO,20,PRIMERA FRACCIÓN DE CRESPO GUANAJUATO,HIDALGO,
ABUSO DE CONFIANZA,CELAYA,2025,ENERO,21,VALLE HERMOSO CELAYA GUANAJUATO,MELCHOR OCAMPO,
OTROS DELITOS,CELAYA,2025,ENERO,21,EL CAMPANARIO CELAYA GUANAJUATO,PASEO DEL CAMPANARIO,
AMENAZAS,CELAYA,2025,ENERO,2,RESIDENCIAL ARBOLEDAS CELAYA GUANAJUATO,BOSQUES DE CHAPULTEPEC,
AMENAZAS,CELAYA,2025,ENERO,2,JARDINES DE CELAYA 1 RA SECCIÓN CELAYA GUANAJUATO,BOULEVARD ADOLFO LÓPEZ MATEOS,
HOMICIDIO DOLOSO,CELAYA,2025,ENERO,3,VILLAS DEL ROMERAL CELAYA GUANAJUATO,V.DE REYES,
OTROS DELITOS,CELAYA,2025,ENERO,10,SAN ANTONIO CELAYA GUANAJUATO,CALLE PADRE INSURGENTES,
OTROS DELITOS,CELAYA,2025,ENERO,17,VALLE DE GIRASOLES CELAYA GUANAJUATO,VALLE DEL CARMEN,
OTROS DELITOS SEXUALES,CELAYA,2025,ENERO,18,EJIDAL CELAYA GUANAJUATO,EJIDO LOS AGUIRRE,
ROBO A CASA HABITACIÓN,CELAYA,2025,ENERO,18,VILLAS DEL BAJIO I CELAYA GUANAJUATO,AVENIDA EL SAUZ,CON VIOLENCIA
ROBOS DIVERSOS,CELAYA,2025,ENERO,14,VALLE DE LOS NARANJOS CELAYA GUANAJUATO,LOS NARANJOS,SIN VIOLENCIA
AMENAZAS,CELAYA,2025,ENERO,15,GUANAJUATO,LIBRAMIENTO SUR DE CELAYA,
OTROS DELITOS,CELAYA,2025,ENERO,15,JARDINES DE CELAYA 1RA SECCIÓN CELAYA GUANAJUATO,ENCINOS,
OTROS DELITOS,CELAYA,2025,ENERO,8,SAN JUANICO CELAYA GUANAJUATO,CALLE DIAMANTE,
HOMICIDIO CULPOSO,CELAYA,2025,ENERO,11,RINCONADA DEL BOSQUE CELAYA GUANAJUATO,DEL BOSQUE,
ROBO A NEGOCIO,CELAYA,2025,ENERO,13,BAJIO DE LAS AMERICAS CELAYA GUANAJUATO,CALLE FERROCARRIL CENTRAL,SIN VIOLENCIA
INCUMPLIMIENTO DE LAS OBLIGACIONES DE ASISTENCIA FAMILIAR,CELAYA,2025,ENERO,13,FRACCIONAMIENTO DEL BOSQUE CELAYA GUANAJUATO,JACARANDAS,
OTROS DELITOS,CELAYA,2025,ENERO,13,BRISAS DEL VALLE MOCTEZUMA CELAYA GUANAJUATO,CIRCUITO VALLE,
VIOLENCIA FAMILIAR,CELAYA,2025,ENERO,13,COLONIA PEDRO MARÍA ANAYA GUANAJUATO,MOLINO DEL REY,
DAÑOS,CELAYA,2025,ENERO,13,CIUDAD INDUSTRIAL DE CELAYA CELAYA GUANAJUATO,AVENIDA TECNOLÓGICO,
VIOLENCIA FAMILIAR,CELAYA,2025,ENERO,13,EJIDAL CELAYA GUANAJUATO,EJIDO DE SANTA ANITA,
INCUMPLIMIENTO DE LAS OBLIGACIONES DE ASISTENCIA FAMILIAR,CELAYA,2025,ENERO,7,LAS INSURGENTES CELAYA GUANAJUATO,LOS PINOS,
OTROS DELITOS,CELAYA,2025,ENERO,7,CAMPO AZUL CELAYA GUANAJUATO,CALLE GRANADA,
ROBO DE VEHÍCULO,CELAYA,2025,ENERO,7,CELAYA GUANAJUATO,CACAO,CON VIOLENCIA
AMENAZAS,CELAYA,2025,ENERO,13,LA CALESA CELAYA GUANAJUATO,ATARDECER,
OTROS DELITOS,CELAYA,2025,ENERO,9,NO CATALOGADO,NO CATALOGADO,
LESIONES DOLOSAS,CELAYA,2025,ENERO,20,VALLE HERMOSO CELAYA GUANAJUATO,AZALEA,
INCUMPLIMIENTO DE LAS OBLIGACIONES DE ASISTENCIA FAMILIAR,CELAYA,2025,ENERO,21,INDUSTRIAL CELAYA GUANAJUATO,DE LA CONSTRUCCIÓN,
VIOLENCIA FAMILIAR,CELAYA,2025,ENERO,21,CELAYA GUANAJUATO,CÍRCULO POLITÉCNICO,
OTROS DELITOS,CELAYA,2025,ENERO,21,MONTE BLANCO CELAYA GUANAJUATO,SANTA TERESA,
LESIONES DOLOSAS,CELAYA,2025,ENERO,22,LAS FLORES CELAYA GUANAJUATO,HELIOTROPO,
INCUMPLIMIENTO DE LAS OBLIGACIONES DE ASISTENCIA FAMILIAR,CELAYA,2025,ENERO,13,CELAYA GUANAJUATO,CERRADA VILLA DEL SILENCIO,
VIOLENCIA FAMILIAR,CELAYA,2025,ENERO,13,GUANAJUATO,BOULEVARD JUAN PABLO II,
ROBO A NEGOCIO,CELAYA,2025,ENERO,13,SAN CAYETANO GUANAJUATO,AVENIDA JUÁREZ,SIN VIOLENCIA
AMENAZAS,CELAYA,2025,ENERO,7,EMILIANO ZAPATA CELAYA GUANAJUATO,MIGUEL ALEMÁN,
OTROS DELITOS,CELAYA,2025,ENERO,7,CELAYA GUANAJUATO,PETIRROJO,
INCUMPLIMIENTO DE LAS OBLIGACIONES DE ASISTENCIA FAMILIAR,CELAYA,2025,ENERO,8,LAGOS CELAYA GUANAJUATO,LAGO DE CHAPULTEPEC,
ROBOS DIVERSOS,CELAYA,2025,ENERO,8,COLONIA DEL PARQUE CELAYA GUANAJUATO,AVENIDA JUAN JOSÉ TORRES LANDA,SIN VIOLENCIA
ROBO A CASA HABITACIÓN,CELAYA,2025,ENERO,8,LA HERRADURA CELAYA GUANAJUATO,COLONIA,SIN VIOLENCIA
OTROS DELITOS,CELAYA,2025,ENERO,8,GIRASOLES CELAYA GUANAJUATO,EUCALIPTO,
FRAUDE,CELAYA,2025,ENERO,8,LA CALESA CELAYA GUANAJUATO,SAN DIEGO,
ROBOS DIVERSOS,CELAYA,2025,ENERO,9,VALLE DE LOS NARANJOS CELAYA GUANAJUATO,DEL BOSQUE,SIN VIOLENCIA
OTROS DELITOS,CELAYA,2025,ENERO,10,BARRIO DE SANTO CRISTO CELAYA GUANAJUATO,NICOLÁS BRAVO,
FRAUDE,CELAYA,2025,ENERO,10,RESURRECCIÓN CELAYA GUANAJUATO,FRANCISCO VILLA,
ROBO DE VEHÍCULO,CELAYA,2025,ENERO,13,RENACIMIENTO CELAYA GUANAJUATO,MIGUEL HIDALGO,SIN VIOLENCIA
INCUMPLIMIENTO DE LAS OBLIGACIONES DE ASISTENCIA FAMILIAR,CELAYA,2025,ENERO,11,CAMPO AZUL SIENNA CELAYA GUANAJUATO,NOGAL,
HOMICIDIO DOLOSO,CELAYA,2025,ENERO,11,EL PARAISO CELAYA GUANAJUATO,GRANJENO,
VIOLENCIA FAMILIAR,CELAYA,2025,ENERO,12,SANTA MARÍA DEL REFUGIO GUANAJUATO,FRANCISCO VILLA,
AMENAZAS,CELAYA,2025,ENERO,7,LOS OLIVOS CELAYA GUANAJUATO,VALLE DEL HUASCO,
ROBO DE VEHÍCULO,CELAYA,2025,ENERO,8,NO CATALOGADO,NO CATALOGADO,CON VIOLENCIA
AMENAZAS,CELAYA,2025,ENERO,9,EJIDAL CELAYA GUANAJUATO,EJIDO SAN FELIPE,
AMENAZAS,CELAYA,2025,ENERO,8,LOS OLIVOS CELAYA GUANAJUATO,CIRCUITO CAMPIÑA,
ROBO A NEGOCIO,CELAYA,2025,ENERO,9,CIUDAD INDUSTRIAL DE CELAYA CELAYA GUANAJUATO,CAMINO A SAN MIGUEL OCTOPAN,SIN VIOLENCIA
ABUSO DE CONFIANZA,CELAYA,2025,ENERO,9,COLONIA CENTRO CELAYA GUANAJUATO,BOULEVARD ADOLFO LÓPEZ MATEOS,
ROBO DE GANADO,CELAYA,2025,ENERO,20,GASCA GUANAJUATO,FRANCISCO VILLA,SIN VIOLENCIA
FRAUDE,CELAYA,2025,ENERO,21,SAN JUANICO CELAYA GUANAJUATO,CALLE ACERINA,
AMENAZAS,CELAYA,2025,ENERO,21,CELAYA GUANAJUATO,VISTA HERMOSA,
CONTRA LA SALUD,CELAYA,2025,ENERO,21,EL VERGEL CELAYA GUANAJUATO,SEGUNDA DE PINO SUÁREZ,
ROBOS DIVERSOS,CELAYA,2025,ENERO,21,VALLE HERMOSO CELAYA GUANAJUATO,AVENIDA TECNOLÓGICO,SIN VIOLENCIA
OTROS DELITOS,CELAYA,2025,ENERO,13,SANTA MARIA CELAYA GUANAJUATO,YURIRIA,
ROBO DE VEHÍCULO,CELAYA,2025,ENERO,8,SAN LUIS REY SAN LUIS REY GUANAJUATO,DISTRITO FEDERAL,SIN VIOLENCIA
ROBO A NEGOCIO,CELAYA,2025,ENERO,8,PLAZA CELAYA NUEVO CELAYA CELAYA GUANAJUATO,12 DE OCTUBRE,SIN VIOLENCIA
OTROS DELITOS,CELAYA,2025,ENERO,9,RESURRECCIÓN CELAYA GUANAJUATO,FRAY TORIBIO MOTOLINÍA,
ROBO A CASA HABITACIÓN,CELAYA,2025,ENERO,9,FRACCIONAMIENTO DE DON GU CELAYA GUANAJUATO,AVENIDA SALVADOR ORTEGA,SIN VIOLENCIA
ABUSO DE CONFIANZA,CELAYA,2025,ENERO,10,COLONIA LOS ANGELES LA JOYA CELAYA GUANAJUATO,FRANCISCO JUÁREZ,
HOMICIDIO DOLOSO,CELAYA,2025,ENERO,10,EX. HDA. STA. MARIA DEL REFUGIO CELAYA GUANAJUATO,BOULEVARD JUAN PABLO II,
OTROS DELITOS,CELAYA,2025,ENERO,10,GIRASOLES CELAYA GUANAJUATO,AVELLANO PONIENTE,
LESIONES DOLOSAS,CELAYA,2025,ENERO,12,BARRIO DE SANTO CRISTO CELAYA GUANAJUATO,LICENCIADO ANDRÉS QUINTANA ROO,
LESIONES DOLOSAS,CELAYA,2025,ENERO,12,LA AURORA CELAYA GUANAJUATO,ANTONIO PLAZA,
OTROS DELITOS SEXUALES,CELAYA,2025,ENERO,13,TENERÍA DEL SANTUARIO GUANAJUATO,GUADALUPE VICTORIA,
CONTRA LA SALUD,CELAYA,2025,ENERO,13,FRACCIONAMIENTO DEL BOSQUE CELAYA GUANAJUATO,GARAMBULLO,
ROBOS DIVERSOS,CELAYA,2025,ENERO,13,LAS FLORES CELAYA GUANAJUATO,HELIOTROPO,SIN VIOLENCIA
VIOLENCIA FAMILIAR,CELAYA,2025,ENERO,13,SAN LUIS REY SAN LUIS REY GUANAJUATO,DISTRITO FEDERAL,
ROBO A NEGOCIO,CELAYA,2025,ENERO,7,CELAYA GUANAJUATO,NO CATALOGADO,CON VIOLENCIA
VIOLENCIA FAMILIAR,CELAYA,2025,ENERO,7,CELAYA GUANAJUATO,AVENIDA BALEARES,
ROBOS DIVERSOS,CELAYA,2025,ENERO,8,REAL DE CELAYA CELAYA GUANAJUATO,REAL DE IRAPUATO,SIN VIOLENCIA
LESIONES DOLOSAS,CELAYA,2025,ENERO,9,CELAYA GUANAJUATO,AVENIDA IRRIGACIÓN,
DAÑOS,CELAYA,2025,ENERO,9,BARRIO DE LA CRUZ RINCÓN DE TAMAYO GUANAJUATO,FRANCISCO VILLA,
VIOLENCIA FAMILIAR,CELAYA,2025,ENERO,10,CELAYA GUANAJUATO,VILLA FLORENTINA,
AMENAZAS,CELAYA,2025,ENERO,10,BARRIO DE SANTO CRISTO CELAYA GUANAJUATO,MIGUEL HIDALGO,
DAÑOS,CELAYA,2025,ENERO,10,TENERÍA DEL SANTUARIO GUANAJUATO,INDEPENDENCIA,
OTROS DELITOS,CELAYA,2025,ENERO,19,3RA SECCIÓN DE LOS NARANJOS CELAYA GUANAJUATO,CALLE DEL PANTANO,
OTROS DELITOS,CELAYA,2025,ENERO,20,SAN JOSÉ DE LA PRESA GUANAJUATO,LUIS DONALDO COLOSIO,
ROBOS DIVERSOS,CELAYA,2025,ENERO,20,CELAYA GUANAJUATO,CELAYA-VILLAGRÁN,SIN VIOLENCIA
CONTRA LA SALUD,CELAYA,2025,ENERO,20,LA FAVORITA CELAYA GUANAJUATO,ANILLO LUIS H. GONZÁLEZ,
VIOLENCIA FAMILIAR,CELAYA,2025,ENERO,21,GALAXIAS DEL PARQUE CELAYA GUANAJUATO,ANDADOR CEFEO,
DAÑOS,CELAYA,2025,ENERO,21,LOS LAURELES CELAYA GUANAJUATO,AVENIDA JUAN JOSÉ TORRES LANDA,
CONTRA LA SALUD,CELAYA,2025,ENERO,21,LAS FUENTES CELAYA GUANAJUATO,FUENTE DE LA CONCORDIA,
OTROS DELITOS,CELAYA,2025,ENERO,21,ALFREDO VAZQUEZ BONFIL CELAYA GUANAJUATO,PRESA DEL PALOTE,
ROBOS DIVERSOS,CELAYA,2025,ENERO,8,EJIDAL CELAYA GUANAJUATO,EJIDO DE GASCA,SIN VIOLENCIA
DAÑOS,CELAYA,2025,ENERO,8,ALAMEDA CELAYA GUANAJUATO,CRISTÓBAL COLÓN,
OTROS DELITOS,CELAYA,2025,ENERO,8,FOVISSSTE CELAYA GUANAJUATO,JOAQUÍN GARCÍA,
ROBOS DIVERSOS,CELAYA,2025,ENERO,8,LOS LAURELES CELAYA GUANAJUATO,OYAMEL,SIN VIOLENCIA
INCUMPLIMIENTO DE LAS OBLIGACIONES DE ASISTENCIA FAMILIAR,CELAYA,2025,ENERO,9,BARRIO DE LA RESURRECCION RINCÓN DE TAMAYO GUANAJUATO,IGNACIO COMONFORT,
OTROS DELITOS,CELAYA,2025,ENERO,9,COLONIA CENTRO CELAYA GUANAJUATO,CELAYA - SAN MIGUEL DE ALLENDE,
FRAUDE,CELAYA,2025,ENERO,9,SAN ANTONIO CELAYA GUANAJUATO,20 DE NOVIEMBRE,
OTROS DELITOS,CELAYA,2025,ENERO,10,3 GUERRAS CELAYA GUANAJUATO,AVENIDA TRES GUERRAS,
OTROS DELITOS SEXUALES,CELAYA,2025,ENERO,10,NO CATALOGADO,NO CATALOGADO,
ROBOS DIVERSOS,CELAYA,2025,ENERO,10,LA AURORA CELAYA GUANAJUATO,ANTONIO PLAZA,CON VIOLENCIA
ROBOS DIVERSOS,CELAYA,2025,ENERO,10,LOCAL 1 JARDINES DE CELAYA 1RA SECCIÓN CELAYA GUANAJUATO,PUERTA DE ORO DEL BAJIO,CON VIOLENCIA
HOMICIDIO DOLOSO,CELAYA,2025,ENERO,11,BARRIO DE SANTO CRISTO CELAYA GUANAJUATO,FRANCISCO JUÁREZ,
VIOLENCIA FAMILIAR,CELAYA,2025,ENERO,11,NO CATALOGADO,NO CATALOGADO,
HOMICIDIO DOLOSO,CELAYA,2025,ENERO,12,FRACCIONAMIENTO DEL BOSQUE CELAYA GUANAJUATO,ARRAYANES,
VIOLENCIA FAMILIAR,CELAYA,2025,ENERO,13,VILLAS DE LA ESPERANZA CELAYA GUANAJUATO,DEL MILAGRO,
LESIONES DOLOSAS,CELAYA,2025,ENERO,7,CIUDAD INDUSTRIAL DE CELAYA CELAYA GUANAJUATO,AVENIDA MÉXICO JAPÓN,
INCUMPLIMIENTO DE LAS OBLIGACIONES DE ASISTENCIA FAMILIAR,CELAYA,2025,ENERO,13,LAZARO CARDENAS CELAYA GUANAJUATO,CALLE JUVENTINO ROSAS,
DAÑOS,CELAYA,2025,ENERO,8,ZONA DE ORO CELAYA GUANAJUATO,12 DE OCTUBRE,
AMENAZAS,CELAYA,2025,ENERO,9,FOVISSSTE CELAYA GUANAJUATO,FRANCISCO JAVIER CLAVIJERO,
OTROS DELITOS,CELAYA,2025,ENERO,9,SAN MIGUEL OCTOPAN SAN MIGUEL OCTOPAN GUANAJUATO,16 DE SEPTIEMBRE,
LESIONES DOLOSAS,CELAYA,2025,ENERO,9,PROGRESO DE SOLIDARIDAD 1 CELAYA GUANAJUATO,RÍO TEHUANTEPEC,
OTROS DELITOS,CELAYA,2025,ENERO,10,SAN JOSÉ DE GUANAJUATO CELAYA GUANAJUATO,PINO SUÁREZ,
HOMICIDIO CULPOSO,CELAYA,2025,ENERO,11,SAN JUAN DE LA VEGA SAN JUAN DE LA VEGA GUANAJUATO,FERROCARRIL,
LESIONES DOLOSAS,CELAYA,2025,ENERO,12,CAPITALES DE EUROPA CELAYA GUANAJUATO,ALFONSO SIERRA MADRIGAL,
ROBOS DIVERSOS,CELAYA,2025,ENERO,19,EL VERGEL CELAYA GUANAJUATO,DOCTOR JOSÉ LUIS MORA,SIN VIOLENCIA
VIOLENCIA FAMILIAR,CELAYA,2025,ENERO,20,CELAYA GUANAJUATO,CARRETERA CELAYA - SALVATIERRA,
CONTRA LA SALUD,CELAYA,2025,ENERO,20,CELAYA GUANAJUATO,BRASIL,
VIOLENCIA FAMILIAR,CELAYA,2025,ENERO,20,CELAYA GUANAJUATO,NO CATALOGADO,
ROBO DE GANADO,CELAYA,2025,ENERO,20,SAN RAFAEL DE YUSTIS CELAYA GUANAJUATO,AVENIDA PRINCIPAL,SIN VIOLENCIA
CONTRA LA SALUD,CELAYA,2025,ENERO,20,PRIMERA FRACCIÓN DE CRESPO GUANAJUATO,FRANCISCO VILLA,
AMENAZAS,CELAYA,2025,ENERO,20,BRISAS DEL VALLE MOCTEZUMA CELAYA GUANAJUATO,CIRCUITO LAGOS,
CONTRA LA SALUD,CELAYA,2025,ENERO,9,PRIMERA FRACCIÓN DE CRESPO GUANAJUATO,TANGENO,
OTROS DELITOS,CELAYA,2025,ENERO,9,EL PARAISO CELAYA GUANAJUATO,GRANJENO,
ROBOS DIVERSOS,CELAYA,2025,ENERO,9,VALLE HERMOSO CELAYA GUANAJUATO,ROSA,CON VIOLENCIA
ROBOS DIVERSOS,CELAYA,2025,ENERO,10,CELAYA GUANAJUATO,AVENIDA ARAUCARIAS,SIN VIOLENCIA
INCUMPLIMIENTO DE LAS OBLIGACIONES DE ASISTENCIA FAMILIAR,CELAYA,2025,ENERO,10,FRACCIONAMIENTO LOS MEZQUITES GUANAJUATO,ACEBIÑO,
OTROS DELITOS,CELAYA,2025,ENERO,12,VILLA LOS ÁLAMOS CELAYA GUANAJUATO,AVENIDA EDZNÁ,
LESIONES DOLOSAS,CELAYA,2025,ENERO,12,LA CALESA CELAYA GUANAJUATO,CALLE CARRETA,
DAÑOS,CELAYA,2025,ENERO,13,CELAYA GUANAJUATO,NO CATALOGADO,
AMENAZAS,CELAYA,2025,ENERO,13,LAS FUENTES CELAYA GUANAJUATO,AVENIDA LAS FUENTES,
ROBO A NEGOCIO,CELAYA,2025,ENERO,13,COLONIA CENTRO CELAYA GUANAJUATO,RÍO BRAVO,SIN VIOLENCIA
ROBOS DIVERSOS,CELAYA,2025,ENERO,7,LAS FLORES CELAYA GUANAJUATO,HELIOTROPO,SIN VIOLENCIA
ROBO A NEGOCIO,CELAYA,2025,ENERO,8,LAS ARBOLEDAS CELAYA GUANAJUATO,PASEO DE SAN NICOLÁS DE PARRA,CON VIOLENCIA
OTROS DELITOS,CELAYA,2025,ENERO,9,EMILIANO ZAPATA CELAYA GUANAJUATO,MARIANO ABASOLO,
ROBOS DIVERSOS,CELAYA,2025,ENERO,8,240 COLONIA CENTRO CELAYA GUANAJUATO,BOULEVARD ADOLFO LÓPEZ MATEOS,SIN VIOLENCIA
CONTRA LA SALUD,CELAYA,2025,ENERO,8,SAN JUAN DE LA VEGA GUANAJUATO,SAN MIGUEL DE ALLENDE - CELAYA,
OTROS DELITOS,CELAYA,2025,ENERO,9,LAGOS CELAYA GUANAJUATO,PASEO DE SAN NICOLÁS DE PARRA,
DAÑOS,CELAYA,2025,ENERO,10,GUANAJUATO,LATERAL CELAYA - VILLAGRAN,
VIOLENCIA FAMILIAR,CELAYA,2025,ENERO,10,CELAYA GUANAJUATO,HALCÓN,
AMENAZAS,CELAYA,2025,ENERO,11,CAMPO AZUL CELAYA GUANAJUATO,CALLE AVELLANA,
OTROS DELITOS,CELAYA,2025,ENERO,10,GOEVILLAS DE LOS SAUCES CELAYA GUANAJUATO,KENTIA,
HOMICIDIO DOLOSO,CELAYA,2025,ENERO,11,CIUDAD INDUSTRIAL DE CELAYA CELAYA GUANAJUATO,SUR 9,
ROBO A CASA HABITACIÓN,CELAYA,2025,ENERO,12,CELAYA GUANAJUATO,CLAUSTRO DE SAN FRANCISCO,SIN VIOLENCIA
VIOLENCIA FAMILIAR,CELAYA,2025,ENERO,13,BARRIO DE LA RESURRECCION RINCÓN DE TAMAYO GUANAJUATO,GENERAL IGNACIO ALLENDE,
ROBOS DIVERSOS,CELAYA,2025,ENERO,24,SAN MIGUEL CELAYA GUANAJUATO,RÍO LERMA,SIN VIOLENCIA
HOMICIDIO DOLOSO,CELAYA,2025,ENERO,20,SAN FRANCISCO CELAYA GUANAJUATO,AVENIDA PASEO DEL SOL,
FRAUDE,CELAYA,2025,ENERO,21,MISION SANTA FE CELAYA GUANAJUATO,MISIÓN DE LOS CLARECIANOS,
VIOLENCIA FAMILIAR,CELAYA,2025,ENERO,3,LINDAVISTA CELAYA GUANAJUATO,ROSA,
VIOLENCIA FAMILIAR,CELAYA,2025,ENERO,3,EL VERGEL CELAYA GUANAJUATO,ANTONIO PLAZA,
DAÑOS,CELAYA,2025,ENERO,4,CAMPESTRE DE CELAYA CELAYA GUANAJUATO,BOULEVARD ADOLFO LÓPEZ MATEOS,
LESIONES DOLOSAS,CELAYA,2025,ENERO,4,CAMPESTRE DE CELAYA CELAYA GUANAJUATO,BOULEVARD ADOLFO LÓPEZ MATEOS,
FRAUDE,CELAYA,2025,ENERO,10,ZONA DE ORO CELAYA GUANAJUATO,LUCIO MARMOLEJO,
OTROS DELITOS,CELAYA,2025,ENERO,5,VILLA DE LOS ARCOS CELAYA GUANAJUATO,BOULEVARD VILLA DE LOS ARCOS,
INCUMPLIMIENTO DE LAS OBLIGACIONES DE ASISTENCIA FAMILIAR,CELAYA,2025,ENERO,12,GOEVILLAS DE LOS SAUCES CELAYA GUANAJUATO,BOMBAX,
ROBO A CASA HABITACIÓN,CELAYA,2025,ENERO,6,SAN JUAN DE LA VEGA SAN JUAN DE LA VEGA GUANAJUATO,PRIMERA LUIS CORTÁZAR,CON VIOLENCIA
ROBOS DIVERSOS,CELAYA,2025,ENERO,7,ALAMEDA CELAYA GUANAJUATO,OAXACA,SIN VIOLENCIA
OTROS DELITOS,CELAYA,2025,ENERO,7,VILLAS DEL BAJIO III CELAYA GUANAJUATO,VILLA DE CORRALES,
AMENAZAS,CELAYA,2025,ENERO,9,COLONIA CENTRO CELAYA GUANAJUATO,SAN MIGUEL DE ALLENDE - CELAYA,
OTROS DELITOS SEXUALES,CELAYA,2025,ENERO,10,NO CATALOGADO,NO CATALOGADO,
HOMICIDIO DOLOSO,CELAYA,2025,ENERO,9,SAN ISIDRO DEL REFUGIO GUANAJUATO,AVENIDA ALLENDE,
LESIONES DOLOSAS,CELAYA,2025,ENERO,5,ALAMEDA CELAYA GUANAJUATO,OAXACA,
OTROS DELITOS,CELAYA,2025,ENERO,6,CELAYA GUANAJUATO,AVENIDA BALEARES,
